{
  "timestamp": "20260610T103249Z",
  "collection": "corpus-misto-kg",
  "n_queries": 37,
  "seeds": 3,
  "graph_hops": 2,
  "base_strategies": {
    "vanilla": {
      "n_queries": 37,
      "recall_at_5": 0.8828828828828829,
      "mrr_at_10": 0.9002574002574003,
      "latency_p50_ms": 113.65406633315918,
      "latency_p95_ms": 199.2887117351832
    },
    "hyde": {
      "n_queries": 37,
      "recall_at_5": 0.8490990990990991,
      "mrr_at_10": 0.8610181610181609,
      "latency_p50_ms": 733.1680739977552,
      "latency_p95_ms": 843.4566047983632
    },
    "query_fusion": {
      "n_queries": 37,
      "recall_at_5": 0.858108108108108,
      "mrr_at_10": 0.8879236379236378,
      "latency_p50_ms": 444.01703733213554,
      "latency_p95_ms": 608.9652899356828
    }
  },
  "graph_rag_context": {
    "n_queries": 17,
    "recall_base_mean": 0.7990196078431372,
    "recall_graph_mean": 0.8627450980392156,
    "delta_mean": 0.06372549019607844,
    "delta_ci95": [
      0.0,
      0.13725490196078433
    ],
    "wilcoxon_p": 0.10880943004054568,
    "queries_improved": 3,
    "queries_unchanged": 14,
    "relevant_docs_recovered_by_graph": 3
  }
}